ns0,vp0,rcode,app_success,ts
2.176.98.213,138.68.96.43,0,True,2023-12-08T10:14:55.498+0000
2.176.99.11,138.68.96.43,0,True,2023-12-07T14:58:34.149+0000
2.176.99.121,138.68.96.43,0,True,2023-12-09T05:59:08.678+0000
2.176.99.161,138.68.96.43,0,True,2023-12-09T13:31:44.327+0000
2.176.100.182,138.68.96.43,0,True,2023-12-07T20:10:05.793+0000
2.176.101.171,138.68.96.43,0,True,2023-12-09T09:28:26.813+0000
2.176.101.242,138.68.96.43,0,True,2023-12-07T20:36:10.462+0000
2.176.102.84,138.68.96.43,0,True,2023-12-07T14:28:16.547+0000
2.176.102.109,138.68.96.43,0,True,2023-12-08T18:43:55.683+0000
2.176.102.123,138.68.96.43,0,True,2023-12-07T13:36:52.772+0000
2.176.102.190,138.68.96.43,0,True,2023-12-07T22:05:10.859+0000
2.176.103.187,138.68.96.43,0,True,2023-12-07T16:51:29.662+0000
2.176.103.197,138.68.96.43,0,True,2023-12-08T20:14:15.715+0000
2.176.104.14,138.68.96.43,0,True,2023-12-09T09:38:59.647+0000
2.176.104.59,138.68.96.43,0,True,2023-12-08T17:12:46.768+0000
2.176.104.100,138.68.96.43,0,True,2023-12-08T17:43:37.920+0000
2.176.104.102,138.68.96.43,0,True,2023-12-07T13:24:11.243+0000
2.176.104.121,138.68.96.43,0,True,2023-12-09T07:25:41.773+0000
2.176.104.155,138.68.96.43,0,True,2023-12-07T18:25:11.550+0000
2.176.106.20,138.68.96.43,0,True,2023-12-07T19:10:55.332+0000
2.176.106.112,138.68.96.43,0,True,2023-12-08T22:12:52.451+0000
2.176.107.124,138.68.96.43,0,True,2023-12-08T10:30:19.143+0000
2.176.107.218,138.68.96.43,0,True,2023-12-07T15:23:42.526+0000
2.176.108.79,138.68.96.43,0,True,2023-12-09T03:57:01.573+0000
2.176.108.204,138.68.96.43,0,True,2023-12-08T22:30:07.072+0000
2.176.109.44,138.68.96.43,0,True,2023-12-07T22:09:52.864+0000
2.176.109.68,138.68.96.43,0,True,2023-12-07T19:11:06.602+0000
2.176.109.97,138.68.96.43,0,True,2023-12-09T05:35:50.917+0000
2.176.109.178,138.68.96.43,0,True,2023-12-08T15:01:12.006+0000
2.176.110.74,138.68.96.43,0,True,2023-12-08T15:38:40.709+0000
2.176.110.194,138.68.96.43,0,True,2023-12-08T15:24:55.359+0000
2.176.111.60,138.68.96.43,0,True,2023-12-08T00:15:13.184+0000
2.176.111.180,138.68.96.43,0,True,2023-12-07T13:57:09.797+0000
2.176.111.198,138.68.96.43,0,True,2023-12-08T21:01:28.127+0000
2.176.112.3,138.68.96.43,0,True,2023-12-08T23:58:57.566+0000
2.176.112.4,138.68.96.43,0,True,2023-12-09T12:41:06.989+0000
2.176.112.91,138.68.96.43,0,True,2023-12-09T04:20:22.975+0000
2.176.113.46,138.68.96.43,0,True,2023-12-09T10:22:07.653+0000
2.176.113.247,138.68.96.43,0,True,2023-12-07T12:29:06.280+0000
2.176.114.77,138.68.96.43,0,True,2023-12-09T04:56:33.665+0000
2.176.115.218,138.68.96.43,0,True,2023-12-09T03:13:38.623+0000
2.176.116.92,138.68.96.43,0,True,2023-12-08T23:00:44.711+0000
2.176.116.129,138.68.96.43,0,True,2023-12-08T19:41:04.040+0000
2.176.117.47,138.68.96.43,0,True,2023-12-09T13:32:31.426+0000
2.176.117.103,138.68.96.43,0,True,2023-12-08T12:13:42.528+0000
2.176.117.140,138.68.96.43,0,True,2023-12-09T01:37:59.396+0000
2.176.117.192,138.68.96.43,0,True,2023-12-08T21:14:52.869+0000
2.176.118.238,138.68.96.43,0,True,2023-12-09T09:52:57.630+0000
2.176.118.243,138.68.96.43,0,True,2023-12-09T01:23:31.047+0000
2.176.119.189,138.68.96.43,0,True,2023-12-07T09:17:20.829+0000
2.176.120.119,138.68.96.43,0,True,2023-12-08T21:42:44.063+0000
2.176.120.161,138.68.96.43,0,True,2023-12-07T14:49:15.048+0000
2.176.120.179,138.68.96.43,0,True,2023-12-08T12:04:59.264+0000
2.176.120.189,138.68.96.43,0,True,2023-12-09T03:23:06.950+0000
2.176.121.14,138.68.96.43,0,True,2023-12-09T10:24:56.611+0000
2.176.122.158,138.68.96.43,0,True,2023-12-08T21:14:50.826+0000
2.176.123.8,138.68.96.43,0,True,2023-12-08T18:13:45.247+0000
2.176.123.54,138.68.96.43,0,True,2023-12-09T05:26:22.594+0000
2.176.124.183,138.68.96.43,0,True,2023-12-09T00:24:03.874+0000
2.176.126.196,138.68.96.43,0,True,2023-12-07T22:29:42.758+0000
2.176.126.236,138.68.96.43,0,True,2023-12-07T23:40:16.034+0000
2.176.127.175,138.68.96.43,0,True,2023-12-09T11:52:27.558+0000
2.176.127.189,138.68.96.43,0,True,2023-12-08T18:02:26.340+0000
2.176.127.212,138.68.96.43,0,True,2023-12-08T16:43:31.616+0000
2.176.127.247,138.68.96.43,0,True,2023-12-07T22:20:14.429+0000
2.176.129.67,138.68.96.43,0,True,2023-12-08T09:52:03.461+0000
2.176.129.105,138.68.96.43,0,True,2023-12-07T22:00:54.847+0000
2.176.129.233,138.68.96.43,0,True,2023-12-09T13:22:25.218+0000
2.176.131.212,138.68.96.43,0,True,2023-12-07T20:49:37.378+0000
2.176.132.2,138.68.96.43,0,True,2023-12-09T04:34:38.846+0000
2.176.133.74,138.68.96.43,0,True,2023-12-08T10:16:50.186+0000
2.176.133.93,138.68.96.43,0,True,2023-12-08T22:10:18.857+0000
2.176.133.175,138.68.96.43,0,True,2023-12-09T08:44:55.776+0000
2.176.135.9,138.68.96.43,0,True,2023-12-08T22:51:45.503+0000
2.176.135.53,138.68.96.43,0,True,2023-12-07T17:06:46.565+0000
2.176.135.60,138.68.96.43,0,True,2023-12-07T22:02:13.705+0000
2.176.135.180,138.68.96.43,0,True,2023-12-08T13:30:18.182+0000
2.176.135.245,138.68.96.43,0,True,2023-12-08T16:11:18.440+0000
2.176.136.11,138.68.96.43,0,True,2023-12-08T12:19:51.367+0000
2.176.136.118,138.68.96.43,0,True,2023-12-09T09:04:31.332+0000
2.176.137.1,138.68.96.43,0,True,2023-12-07T23:29:33.221+0000
2.176.137.155,138.68.96.43,0,True,2023-12-09T03:08:10.949+0000
2.176.139.189,138.68.96.43,0,True,2023-12-07T13:38:35.173+0000
2.176.140.57,138.68.96.43,0,True,2023-12-08T21:37:30.819+0000
2.176.140.61,138.68.96.43,0,True,2023-12-09T08:03:05.347+0000
2.176.140.69,138.68.96.43,0,True,2023-12-08T10:13:15.268+0000
2.176.140.103,138.68.96.43,0,True,2023-12-08T18:21:53.695+0000
2.176.141.167,138.68.96.43,0,True,2023-12-08T13:13:18.506+0000
2.176.142.170,138.68.96.43,0,True,2023-12-08T16:13:04.932+0000
2.176.142.210,138.68.96.43,0,True,2023-12-09T07:48:51.334+0000
2.176.144.5,138.68.96.43,0,True,2023-12-09T05:32:17.922+0000
2.176.144.78,138.68.96.43,0,True,2023-12-08T20:36:37.190+0000
2.176.144.203,138.68.96.43,0,True,2023-12-08T15:20:48.574+0000
2.176.145.8,138.68.96.43,0,True,2023-12-08T10:23:51.036+0000
2.176.145.125,138.68.96.43,0,True,2023-12-07T17:28:16.798+0000
2.176.145.188,138.68.96.43,0,True,2023-12-07T13:53:33.726+0000
2.176.148.139,138.68.96.43,0,True,2023-12-07T17:58:46.406+0000
2.176.148.212,138.68.96.43,0,True,2023-12-08T13:40:56.129+0000
2.176.148.245,138.68.96.43,0,True,2023-12-08T19:27:52.485+0000
2.176.149.149,138.68.96.43,0,True,2023-12-07T23:49:34.115+0000
2.176.150.149,138.68.96.43,0,True,2023-12-09T04:41:36.642+0000
2.176.151.95,138.68.96.43,0,True,2023-12-09T10:27:54.786+0000
2.176.152.1,138.68.96.43,0,True,2023-12-08T20:36:47.421+0000
2.176.152.44,138.68.96.43,0,True,2023-12-09T10:54:13.666+0000
2.176.152.93,138.68.96.43,0,True,2023-12-07T14:05:54.084+0000
2.176.153.250,138.68.96.43,0,True,2023-12-07T11:44:39.777+0000
2.176.155.84,138.68.96.43,0,True,2023-12-09T08:38:26.664+0000
2.176.155.161,138.68.96.43,0,True,2023-12-07T16:34:34.687+0000
2.176.156.113,138.68.96.43,0,True,2023-12-08T09:27:36.071+0000
2.176.156.203,138.68.96.43,0,True,2023-12-09T10:34:58.729+0000
2.176.156.204,138.68.96.43,0,True,2023-12-08T17:39:06.568+0000
2.176.157.11,138.68.96.43,0,True,2023-12-07T13:29:33.480+0000
2.176.159.66,138.68.96.43,0,True,2023-12-08T10:28:12.161+0000
2.176.160.18,138.68.96.43,0,True,2023-12-08T20:13:37.822+0000
2.176.161.28,138.68.96.43,0,True,2023-12-07T15:51:36.776+0000
2.176.161.166,138.68.96.43,0,True,2023-12-09T09:24:31.295+0000
2.176.161.250,138.68.96.43,0,True,2023-12-08T10:02:09.671+0000
2.176.162.31,138.68.96.43,0,True,2023-12-09T12:04:23.325+0000
2.176.162.113,138.68.96.43,0,True,2023-12-08T21:37:57.449+0000
2.176.163.65,138.68.96.43,0,True,2023-12-07T11:17:54.375+0000
2.176.163.79,138.68.96.43,0,True,2023-12-09T11:49:35.518+0000
2.176.163.128,138.68.96.43,0,True,2023-12-09T10:53:46.014+0000
2.176.164.249,138.68.96.43,0,True,2023-12-09T06:13:24.734+0000
2.176.165.7,138.68.96.43,0,True,2023-12-07T15:13:39.365+0000
2.176.165.23,138.68.96.43,0,True,2023-12-08T23:29:07.620+0000
2.176.166.247,138.68.96.43,0,True,2023-12-08T10:40:07.934+0000
2.176.167.88,138.68.96.43,0,True,2023-12-07T12:45:50.818+0000
2.176.168.105,138.68.96.43,0,True,2023-12-08T12:33:50.022+0000
2.176.170.7,138.68.96.43,0,True,2023-12-09T03:45:00.734+0000
2.176.170.34,138.68.96.43,0,True,2023-12-07T11:00:22.728+0000
2.176.170.41,138.68.96.43,0,True,2023-12-08T21:44:21.347+0000
2.176.171.65,138.68.96.43,0,True,2023-12-08T14:46:25.220+0000
2.176.172.16,138.68.96.43,0,True,2023-12-08T10:18:18.247+0000
2.176.172.47,138.68.96.43,0,True,2023-12-08T14:13:24.802+0000
2.176.173.87,138.68.96.43,0,True,2023-12-08T14:41:13.917+0000
2.176.173.220,138.68.96.43,0,True,2023-12-09T01:55:25.921+0000
2.176.173.230,138.68.96.43,0,True,2023-12-07T09:14:19.586+0000
2.176.175.27,138.68.96.43,0,True,2023-12-09T03:46:54.397+0000
2.176.176.75,138.68.96.43,0,True,2023-12-08T11:17:23.326+0000
2.176.177.239,138.68.96.43,0,True,2023-12-09T06:18:25.791+0000
2.176.178.155,138.68.96.43,0,True,2023-12-09T10:07:56.718+0000
2.176.178.255,138.68.96.43,0,True,2023-12-08T21:48:23.009+0000
2.176.179.30,138.68.96.43,0,True,2023-12-07T09:11:16.289+0000
2.176.180.140,138.68.96.43,0,True,2023-12-08T13:44:41.406+0000
2.176.181.131,138.68.96.43,0,True,2023-12-07T20:39:26.053+0000
2.176.181.144,138.68.96.43,0,True,2023-12-08T23:16:59.563+0000
2.176.181.154,138.68.96.43,0,True,2023-12-09T08:32:23.142+0000
2.176.181.158,138.68.96.43,0,True,2023-12-09T10:12:07.592+0000
2.176.181.179,138.68.96.43,0,True,2023-12-07T12:50:44.709+0000
2.176.181.188,138.68.96.43,0,True,2023-12-07T18:08:36.230+0000
2.176.181.191,138.68.96.43,0,True,2023-12-09T04:57:23.843+0000
2.176.183.56,138.68.96.43,0,True,2023-12-07T21:46:49.124+0000
2.176.183.235,138.68.96.43,0,True,2023-12-09T08:40:01.898+0000
2.176.184.66,138.68.96.43,0,True,2023-12-09T13:49:08.808+0000
2.176.184.108,138.68.96.43,0,True,2023-12-09T00:24:59.169+0000
2.176.184.141,138.68.96.43,0,True,2023-12-08T16:08:05.926+0000
2.176.184.238,138.68.96.43,0,True,2023-12-08T18:20:21.533+0000
2.176.185.113,138.68.96.43,0,True,2023-12-08T19:51:53.252+0000
2.176.187.67,138.68.96.43,0,True,2023-12-07T13:07:05.703+0000
2.176.187.133,138.68.96.43,0,True,2023-12-07T12:21:32.643+0000
2.176.187.191,138.68.96.43,0,True,2023-12-08T11:58:02.499+0000
2.176.188.172,138.68.96.43,0,True,2023-12-07T12:48:56.162+0000
2.176.191.35,138.68.96.43,0,True,2023-12-07T15:46:58.246+0000
2.176.192.48,138.68.96.43,0,True,2023-12-07T12:35:01.606+0000
2.176.192.146,138.68.96.43,0,True,2023-12-08T00:16:58.666+0000
2.176.192.201,138.68.96.43,0,True,2023-12-07T20:25:59.133+0000
2.176.194.70,138.68.96.43,0,True,2023-12-09T08:49:24.071+0000
2.176.194.170,138.68.96.43,0,True,2023-12-08T18:27:54.142+0000
2.176.194.215,138.68.96.43,0,True,2023-12-08T13:34:01.410+0000
2.176.194.228,138.68.96.43,0,True,2023-12-08T15:45:35.267+0000
2.176.195.52,138.68.96.43,0,True,2023-12-09T11:33:13.512+0000
2.176.195.115,138.68.96.43,0,True,2023-12-07T21:48:42.789+0000
2.176.195.176,138.68.96.43,0,True,2023-12-09T11:43:57.601+0000
2.176.195.220,138.68.96.43,0,True,2023-12-07T12:52:04.576+0000
2.176.196.11,138.68.96.43,0,True,2023-12-07T15:09:30.527+0000
2.176.196.253,138.68.96.43,0,True,2023-12-08T17:19:59.909+0000
2.176.198.145,138.68.96.43,0,True,2023-12-09T01:59:14.280+0000
2.176.199.98,138.68.96.43,0,True,2023-12-09T01:43:22.985+0000
2.176.199.100,138.68.96.43,0,True,2023-12-09T05:54:12.741+0000
2.176.199.253,138.68.96.43,0,True,2023-12-09T07:28:22.530+0000
2.176.200.23,138.68.96.43,0,True,2023-12-08T17:05:56.135+0000
2.176.200.163,138.68.96.43,0,True,2023-12-09T05:56:41.228+0000
2.176.201.76,138.68.96.43,0,True,2023-12-08T23:22:21.092+0000
2.176.201.100,138.68.96.43,0,True,2023-12-08T10:49:48.546+0000
2.176.201.126,138.68.96.43,0,True,2023-12-07T10:37:45.928+0000
2.176.201.132,138.68.96.43,0,True,2023-12-09T01:25:44.168+0000
2.176.202.100,138.68.96.43,0,True,2023-12-09T04:10:49.542+0000
2.176.202.156,138.68.96.43,0,True,2023-12-08T20:14:20.837+0000
2.176.202.225,138.68.96.43,0,True,2023-12-08T19:36:03.999+0000
2.176.203.103,138.68.96.43,0,True,2023-12-09T09:39:09.886+0000
2.176.203.108,138.68.96.43,0,True,2023-12-09T13:42:05.891+0000
2.176.203.127,138.68.96.43,0,True,2023-12-07T12:27:36.167+0000
2.176.203.147,138.68.96.43,0,True,2023-12-07T22:22:12.196+0000
2.176.203.154,138.68.96.43,0,True,2023-12-09T02:01:15.110+0000
2.176.203.181,138.68.96.43,0,True,2023-12-07T18:50:11.714+0000
2.176.203.203,138.68.96.43,0,True,2023-12-07T23:07:47.620+0000
2.176.203.205,138.68.96.43,0,True,2023-12-08T12:25:50.784+0000
2.176.203.246,138.68.96.43,0,True,2023-12-08T10:39:00.351+0000
2.176.204.90,138.68.96.43,0,True,2023-12-08T11:30:57.406+0000
2.176.204.136,138.68.96.43,0,True,2023-12-07T15:49:06.246+0000
2.176.205.106,138.68.96.43,0,True,2023-12-08T16:40:02.724+0000
2.176.205.111,138.68.96.43,0,True,2023-12-08T21:32:50.242+0000
2.176.205.170,138.68.96.43,0,True,2023-12-09T10:21:11.326+0000
2.176.205.174,138.68.96.43,0,True,2023-12-08T15:36:27.591+0000
2.176.206.176,138.68.96.43,0,True,2023-12-08T16:17:51.645+0000
2.176.207.54,138.68.96.43,0,True,2023-12-07T13:24:45.736+0000
2.176.207.80,138.68.96.43,0,True,2023-12-09T12:04:48.944+0000
2.176.207.146,138.68.96.43,0,True,2023-12-09T05:09:11.431+0000
2.176.207.163,138.68.96.43,0,True,2023-12-08T13:29:55.656+0000
2.176.208.40,138.68.96.43,0,True,2023-12-09T08:07:03.940+0000
2.176.208.59,138.68.96.43,0,True,2023-12-09T03:23:46.878+0000
2.176.208.67,138.68.96.43,0,True,2023-12-09T04:57:19.741+0000
2.176.208.210,138.68.96.43,0,True,2023-12-07T19:26:07.709+0000
2.176.209.5,138.68.96.43,0,True,2023-12-08T21:00:24.648+0000
2.176.210.81,138.68.96.43,0,True,2023-12-07T12:31:07.112+0000
2.176.210.205,138.68.96.43,0,True,2023-12-08T18:34:27.366+0000
2.176.211.124,138.68.96.43,0,True,2023-12-07T14:22:37.605+0000
2.176.211.128,138.68.96.43,0,True,2023-12-09T12:51:21.184+0000
2.176.211.245,138.68.96.43,0,True,2023-12-07T17:44:13.087+0000
2.176.212.25,138.68.96.43,0,True,2023-12-08T14:07:54.056+0000
2.176.212.236,138.68.96.43,0,True,2023-12-07T15:18:57.824+0000
2.176.213.163,138.68.96.43,0,True,2023-12-07T22:35:25.797+0000
2.176.214.24,138.68.96.43,0,True,2023-12-09T05:00:16.897+0000
2.176.214.31,138.68.96.43,0,True,2023-12-07T23:35:19.332+0000
2.176.214.199,138.68.96.43,0,True,2023-12-08T22:20:31.112+0000
2.176.215.3,138.68.96.43,0,True,2023-12-08T00:32:04.903+0000
2.176.216.26,138.68.96.43,0,True,2023-12-07T16:42:21.824+0000
2.176.216.62,138.68.96.43,0,True,2023-12-09T09:15:50.081+0000
2.176.216.98,138.68.96.43,0,True,2023-12-08T21:03:46.373+0000
2.176.216.181,138.68.96.43,0,True,2023-12-08T20:46:55.687+0000
2.176.216.222,138.68.96.43,0,True,2023-12-09T09:29:24.158+0000
2.176.217.68,138.68.96.43,0,True,2023-12-08T18:27:23.427+0000
2.176.217.157,138.68.96.43,0,True,2023-12-08T12:46:44.162+0000
2.176.217.232,138.68.96.43,0,True,2023-12-08T22:50:06.181+0000
2.176.218.64,138.68.96.43,0,True,2023-12-07T19:02:48.931+0000
2.176.219.55,138.68.96.43,0,True,2023-12-07T20:43:57.421+0000
2.176.219.114,138.68.96.43,0,True,2023-12-07T19:38:58.790+0000
2.176.219.189,138.68.96.43,0,True,2023-12-07T22:34:28.455+0000
2.176.220.35,138.68.96.43,0,True,2023-12-08T16:37:51.647+0000
2.176.220.152,138.68.96.43,0,True,2023-12-08T10:43:37.861+0000
2.176.221.8,138.68.96.43,0,True,2023-12-09T00:48:02.975+0000
2.176.222.49,138.68.96.43,0,True,2023-12-08T17:15:19.338+0000
2.176.222.68,138.68.96.43,0,True,2023-12-08T13:13:26.691+0000
2.176.222.69,138.68.96.43,0,True,2023-12-08T23:02:33.255+0000
2.176.222.134,138.68.96.43,0,True,2023-12-09T00:03:57.601+0000
2.176.222.153,138.68.96.43,0,True,2023-12-09T07:24:53.635+0000
2.176.222.240,138.68.96.43,0,True,2023-12-09T08:48:25.701+0000
2.176.223.39,138.68.96.43,0,True,2023-12-09T08:39:07.622+0000
2.176.223.118,138.68.96.43,0,True,2023-12-07T16:34:11.137+0000
2.176.224.19,138.68.96.43,0,True,2023-12-07T12:35:12.870+0000
2.176.224.98,138.68.96.43,0,True,2023-12-09T13:14:04.484+0000
2.176.225.101,138.68.96.43,0,True,2023-12-09T08:35:56.125+0000
2.176.225.105,138.68.96.43,0,True,2023-12-08T16:37:06.591+0000
2.176.225.165,138.68.96.43,0,True,2023-12-09T11:17:47.820+0000
2.176.226.109,138.68.96.43,0,True,2023-12-09T02:49:12.554+0000
2.176.226.126,138.68.96.43,0,True,2023-12-08T20:03:52.102+0000
2.176.226.153,138.68.96.43,0,True,2023-12-09T03:14:00.133+0000
2.176.226.170,138.68.96.43,0,True,2023-12-08T23:35:34.694+0000
2.176.226.179,138.68.96.43,0,True,2023-12-07T10:23:43.170+0000
2.176.226.243,138.68.96.43,0,True,2023-12-08T23:16:37.033+0000
2.176.227.67,138.68.96.43,0,True,2023-12-07T11:32:32.965+0000
2.176.227.214,138.68.96.43,0,True,2023-12-09T06:26:54.724+0000
2.176.228.6,138.68.96.43,0,True,2023-12-07T14:23:10.371+0000
2.176.228.27,138.68.96.43,0,True,2023-12-08T23:08:58.277+0000
2.176.228.32,138.68.96.43,0,True,2023-12-09T04:11:21.287+0000
2.176.228.58,138.68.96.43,0,True,2023-12-09T00:57:27.461+0000
2.176.228.143,138.68.96.43,0,True,2023-12-08T21:23:40.229+0000
2.176.228.228,138.68.96.43,0,True,2023-12-09T06:08:52.353+0000
2.176.228.255,138.68.96.43,0,True,2023-12-07T12:33:59.143+0000
2.176.229.6,138.68.96.43,0,True,2023-12-09T11:22:55.025+0000
2.176.229.72,138.68.96.43,0,True,2023-12-07T18:41:19.230+0000
2.176.229.120,138.68.96.43,0,True,2023-12-09T12:39:08.196+0000
2.176.229.227,138.68.96.43,0,True,2023-12-09T00:42:21.981+0000
2.176.230.28,138.68.96.43,0,True,2023-12-07T11:38:01.672+0000
2.176.230.90,138.68.96.43,0,True,2023-12-08T13:08:53.291+0000
2.176.230.96,138.68.96.43,0,True,2023-12-08T23:48:18.051+0000
2.176.230.175,138.68.96.43,0,True,2023-12-09T03:58:24.518+0000
2.176.231.235,138.68.96.43,0,True,2023-12-08T18:40:44.194+0000
2.176.232.47,138.68.96.43,0,True,2023-12-09T02:16:40.810+0000
2.176.232.96,138.68.96.43,0,True,2023-12-07T22:39:54.078+0000
2.176.232.202,138.68.96.43,0,True,2023-12-08T17:26:27.780+0000
2.176.233.104,138.68.96.43,0,True,2023-12-09T10:20:37.545+0000
2.176.233.120,138.68.96.43,0,True,2023-12-07T11:13:23.010+0000
2.176.233.249,138.68.96.43,0,True,2023-12-09T08:44:24.036+0000
2.176.234.62,138.68.96.43,0,True,2023-12-08T14:59:25.513+0000
2.176.234.206,138.68.96.43,0,True,2023-12-07T14:44:09.894+0000
2.176.235.211,138.68.96.43,0,True,2023-12-09T09:57:46.407+0000
2.176.237.149,138.68.96.43,0,True,2023-12-08T17:34:39.296+0000
2.176.237.190,138.68.96.43,0,True,2023-12-09T07:54:54.854+0000
2.176.237.209,138.68.96.43,0,True,2023-12-08T11:38:52.552+0000
2.176.238.86,138.68.96.43,0,True,2023-12-08T10:01:00.036+0000
2.176.238.107,138.68.96.43,0,True,2023-12-08T22:27:20.163+0000
2.176.238.218,138.68.96.43,0,True,2023-12-08T20:12:18.975+0000
2.176.238.228,138.68.96.43,0,True,2023-12-07T14:52:21.408+0000
2.176.239.23,138.68.96.43,0,True,2023-12-08T20:02:50.663+0000
2.176.239.178,138.68.96.43,0,True,2023-12-07T23:50:01.758+0000
2.176.240.66,138.68.96.43,0,True,2023-12-08T10:40:09.995+0000
2.176.240.74,138.68.96.43,0,True,2023-12-08T21:39:10.141+0000
2.176.240.82,138.68.96.43,0,True,2023-12-09T00:04:11.940+0000
2.176.240.88,138.68.96.43,0,True,2023-12-07T21:00:58.337+0000
2.176.240.129,138.68.96.43,0,True,2023-12-09T03:07:06.432+0000
2.176.240.175,138.68.96.43,0,True,2023-12-09T02:10:40.358+0000
2.176.240.230,138.68.96.43,0,True,2023-12-09T07:44:12.810+0000
2.176.241.88,138.68.96.43,0,True,2023-12-07T15:43:00.672+0000
2.176.241.150,138.68.96.43,0,True,2023-12-07T17:28:15.784+0000
2.176.241.219,138.68.96.43,0,True,2023-12-07T14:57:58.306+0000
2.176.241.251,138.68.96.43,0,True,2023-12-07T11:47:33.853+0000
2.176.242.227,138.68.96.43,0,True,2023-12-09T09:45:13.773+0000
2.176.242.246,138.68.96.43,0,True,2023-12-09T09:53:08.903+0000
2.176.243.37,138.68.96.43,0,True,2023-12-08T10:15:55.901+0000
2.176.243.236,138.68.96.43,0,True,2023-12-07T11:50:39.205+0000
2.176.243.239,138.68.96.43,0,True,2023-12-07T10:53:04.449+0000
2.176.244.18,138.68.96.43,0,True,2023-12-07T15:40:33.214+0000
2.176.244.29,138.68.96.43,0,True,2023-12-08T17:07:39.559+0000
2.176.244.196,138.68.96.43,0,True,2023-12-09T10:07:52.618+0000
2.176.245.183,138.68.96.43,0,True,2023-12-09T05:56:42.237+0000
2.176.246.3,138.68.96.43,0,True,2023-12-08T22:12:48.352+0000
2.176.246.85,138.68.96.43,0,True,2023-12-09T05:53:20.512+0000
2.176.246.170,138.68.96.43,0,True,2023-12-07T12:00:00.351+0000
2.176.247.82,138.68.96.43,0,True,2023-12-07T21:30:51.371+0000
2.176.247.94,138.68.96.43,0,True,2023-12-08T21:21:10.717+0000
2.176.247.160,138.68.96.43,0,True,2023-12-09T06:33:40.008+0000
2.176.247.220,138.68.96.43,0,True,2023-12-08T12:02:04.169+0000
2.176.248.150,138.68.96.43,0,True,2023-12-07T15:41:44.897+0000
2.176.248.219,138.68.96.43,0,True,2023-12-07T22:04:42.181+0000
2.176.248.235,138.68.96.43,0,True,2023-12-09T00:16:02.606+0000
2.176.249.39,138.68.96.43,0,True,2023-12-07T17:15:22.661+0000
2.176.249.60,138.68.96.43,0,True,2023-12-08T10:52:45.700+0000
2.176.249.235,138.68.96.43,0,True,2023-12-08T21:56:05.854+0000
2.176.250.131,138.68.96.43,0,True,2023-12-07T13:01:52.353+0000
2.176.251.88,138.68.96.43,0,True,2023-12-07T13:26:06.630+0000
2.176.251.200,138.68.96.43,0,True,2023-12-07T14:00:18.206+0000
2.176.252.35,138.68.96.43,0,True,2023-12-09T05:37:54.829+0000
2.176.252.235,138.68.96.43,0,True,2023-12-09T08:14:03.775+0000
2.176.253.22,138.68.96.43,0,True,2023-12-09T11:01:33.992+0000
2.176.253.224,138.68.96.43,0,True,2023-12-09T10:22:57.833+0000
2.176.254.4,138.68.96.43,0,True,2023-12-07T17:30:02.142+0000
2.176.254.148,138.68.96.43,0,True,2023-12-08T22:42:57.126+0000
2.176.255.53,138.68.96.43,0,True,2023-12-09T07:00:47.748+0000
2.176.255.122,138.68.96.43,0,True,2023-12-09T08:40:10.079+0000
2.176.255.123,138.68.96.43,0,True,2023-12-08T23:29:31.166+0000
2.177.0.44,138.68.96.43,0,True,2023-12-08T20:50:35.846+0000
2.177.0.237,138.68.96.43,0,True,2023-12-08T17:00:35.621+0000
2.177.1.123,138.68.96.43,0,True,2023-12-07T09:46:51.338+0000
2.177.1.231,138.68.96.43,0,True,2023-12-07T19:02:34.598+0000
2.177.2.31,138.68.96.43,0,True,2023-12-08T23:46:32.578+0000
2.177.3.137,138.68.96.43,0,True,2023-12-08T16:34:01.256+0000
2.177.3.143,138.68.96.43,0,True,2023-12-07T14:02:13.917+0000
2.177.4.178,138.68.96.43,0,True,2023-12-08T15:34:41.108+0000
2.177.5.30,138.68.96.43,0,True,2023-12-09T04:45:08.613+0000
2.177.5.238,138.68.96.43,0,True,2023-12-07T11:12:46.146+0000
2.177.6.169,138.68.96.43,0,True,2023-12-09T00:25:39.114+0000
2.177.6.211,138.68.96.43,0,True,2023-12-09T09:06:50.597+0000
2.177.8.118,138.68.96.43,0,True,2023-12-07T15:21:01.730+0000
2.177.8.170,138.68.96.43,0,True,2023-12-07T22:10:16.414+0000
2.177.9.34,138.68.96.43,0,True,2023-12-09T13:20:13.124+0000
2.177.9.143,138.68.96.43,0,True,2023-12-07T22:14:30.367+0000
2.177.9.158,138.68.96.43,0,True,2023-12-07T19:50:01.119+0000
2.177.10.100,138.68.96.43,0,True,2023-12-08T15:23:59.051+0000
2.177.10.147,138.68.96.43,0,True,2023-12-09T11:14:36.326+0000
2.177.10.159,138.68.96.43,0,True,2023-12-09T10:57:34.372+0000
2.177.10.201,138.68.96.43,0,True,2023-12-09T08:40:45.925+0000
2.177.10.209,138.68.96.43,0,True,2023-12-08T21:33:27.115+0000
2.177.10.214,138.68.96.43,0,True,2023-12-07T16:07:44.446+0000
2.177.10.220,138.68.96.43,0,True,2023-12-07T21:04:31.329+0000
2.177.11.99,138.68.96.43,0,True,2023-12-08T19:45:22.078+0000
2.177.12.45,138.68.96.43,0,True,2023-12-08T23:05:50.887+0000
2.177.13.68,138.68.96.43,0,True,2023-12-08T11:17:54.053+0000
2.177.13.97,138.68.96.43,0,True,2023-12-08T09:09:07.300+0000
2.177.13.152,138.68.96.43,0,True,2023-12-08T18:40:43.166+0000
2.177.13.174,138.68.96.43,0,True,2023-12-08T19:20:08.615+0000
2.177.14.69,138.68.96.43,0,True,2023-12-09T05:07:48.486+0000
2.177.14.167,138.68.96.43,0,True,2023-12-09T12:44:29.544+0000
2.177.14.175,138.68.96.43,0,True,2023-12-09T12:48:53.734+0000
2.177.14.238,138.68.96.43,0,True,2023-12-08T21:07:48.037+0000
2.177.15.44,138.68.96.43,0,True,2023-12-08T10:51:41.192+0000
2.177.15.200,138.68.96.43,0,True,2023-12-08T21:18:07.424+0000
2.177.15.221,138.68.96.43,0,True,2023-12-09T07:37:02.718+0000
2.177.15.222,138.68.96.43,0,True,2023-12-07T15:27:29.860+0000
2.177.15.244,138.68.96.43,0,True,2023-12-08T18:49:35.654+0000
2.177.16.8,138.68.96.43,0,True,2023-12-07T11:19:39.849+0000
2.177.16.23,138.68.96.43,0,True,2023-12-09T05:40:42.758+0000
2.177.16.143,138.68.96.43,0,True,2023-12-08T14:25:19.549+0000
2.177.16.156,138.68.96.43,0,True,2023-12-09T13:22:21.132+0000
2.177.17.143,138.68.96.43,0,True,2023-12-08T19:18:54.878+0000
2.177.17.211,138.68.96.43,0,True,2023-12-07T21:33:02.435+0000
2.177.18.21,138.68.96.43,0,True,2023-12-08T18:11:36.228+0000
2.177.18.246,138.68.96.43,0,True,2023-12-09T01:23:56.642+0000
2.177.18.249,138.68.96.43,0,True,2023-12-07T17:05:23.612+0000
2.177.18.255,138.68.96.43,0,True,2023-12-08T17:25:04.833+0000
2.177.19.62,138.68.96.43,0,True,2023-12-07T10:20:26.564+0000
2.177.19.246,138.68.96.43,0,True,2023-12-07T17:48:00.416+0000
2.177.20.81,138.68.96.43,0,True,2023-12-07T18:12:23.558+0000
2.177.21.170,138.68.96.43,0,True,2023-12-08T22:52:45.922+0000
2.177.21.193,138.68.96.43,0,True,2023-12-07T11:14:12.165+0000
2.177.23.2,138.68.96.43,0,True,2023-12-08T09:51:32.741+0000
2.177.23.73,138.68.96.43,0,True,2023-12-07T10:10:11.140+0000
2.177.23.163,138.68.96.43,0,True,2023-12-07T12:56:47.208+0000
2.177.23.222,138.68.96.43,0,True,2023-12-08T16:34:03.298+0000
2.177.24.131,138.68.96.43,0,True,2023-12-09T09:41:50.661+0000
2.177.24.145,138.68.96.43,0,True,2023-12-07T09:28:49.992+0000
2.177.24.241,138.68.96.43,0,True,2023-12-09T06:10:25.533+0000
2.177.25.21,138.68.96.43,0,True,2023-12-09T04:15:50.592+0000
2.177.25.233,138.68.96.43,0,True,2023-12-08T14:27:49.064+0000
2.177.27.25,138.68.96.43,0,True,2023-12-07T23:09:54.594+0000
2.177.28.19,138.68.96.43,0,True,2023-12-08T11:51:41.567+0000
2.177.29.56,138.68.96.43,0,True,2023-12-07T11:00:26.818+0000
2.177.30.10,138.68.96.43,0,True,2023-12-08T17:15:56.199+0000
2.177.30.44,138.68.96.43,0,True,2023-12-08T23:45:17.821+0000
2.177.30.240,138.68.96.43,0,True,2023-12-09T07:44:37.385+0000
2.177.31.11,138.68.96.43,0,True,2023-12-08T12:57:54.855+0000
2.177.31.158,138.68.96.43,0,True,2023-12-09T11:57:28.617+0000
2.177.32.55,138.68.96.43,0,True,2023-12-09T05:37:59.936+0000
2.177.33.98,138.68.96.43,0,True,2023-12-09T02:59:08.225+0000
2.177.33.133,138.68.96.43,0,True,2023-12-08T16:16:58.407+0000
2.177.33.151,138.68.96.43,0,True,2023-12-09T09:09:24.029+0000
2.177.34.126,138.68.96.43,0,True,2023-12-07T20:24:21.856+0000
2.177.35.46,138.68.96.43,0,True,2023-12-07T23:49:20.802+0000
2.177.35.116,138.68.96.43,0,True,2023-12-09T08:22:28.226+0000
2.177.35.127,138.68.96.43,0,True,2023-12-09T04:53:05.795+0000
2.177.36.24,138.68.96.43,0,True,2023-12-08T21:23:09.516+0000
2.177.36.116,138.68.96.43,0,True,2023-12-08T13:27:02.595+0000
2.177.36.212,138.68.96.43,0,True,2023-12-09T00:53:50.109+0000
2.177.36.252,138.68.96.43,0,True,2023-12-08T20:12:54.819+0000
2.177.38.60,138.68.96.43,0,True,2023-12-08T13:05:47.935+0000
2.177.38.195,138.68.96.43,0,True,2023-12-08T09:05:07.683+0000
2.177.39.57,138.68.96.43,0,True,2023-12-09T00:18:03.431+0000
2.177.39.88,138.68.96.43,0,True,2023-12-07T13:49:56.126+0000
2.177.40.96,138.68.96.43,0,True,2023-12-07T20:42:50.845+0000
2.177.40.104,138.68.96.43,0,True,2023-12-07T23:33:00.061+0000
2.177.40.105,138.68.96.43,0,True,2023-12-07T12:30:24.105+0000
2.177.40.122,138.68.96.43,0,True,2023-12-07T18:22:37.951+0000
2.177.41.127,138.68.96.43,0,True,2023-12-08T17:31:17.577+0000
2.177.41.213,138.68.96.43,0,True,2023-12-07T22:47:46.148+0000
2.177.41.247,138.68.96.43,0,True,2023-12-08T18:43:43.390+0000
2.177.42.3,138.68.96.43,0,True,2023-12-09T01:28:01.384+0000
2.177.43.1,138.68.96.43,0,True,2023-12-07T19:25:01.160+0000
2.177.43.83,138.68.96.43,0,True,2023-12-08T20:13:55.230+0000
2.177.43.95,138.68.96.43,0,True,2023-12-09T04:53:50.846+0000
2.177.43.213,138.68.96.43,0,True,2023-12-09T07:50:34.765+0000
2.177.44.194,138.68.96.43,0,True,2023-12-07T13:11:27.845+0000
2.177.44.227,138.68.96.43,0,True,2023-12-09T00:27:49.154+0000
2.177.45.33,138.68.96.43,0,True,2023-12-08T19:39:12.415+0000
2.177.45.183,138.68.96.43,0,True,2023-12-07T17:34:32.486+0000
2.177.46.118,138.68.96.43,0,True,2023-12-09T00:28:52.638+0000
2.177.46.232,138.68.96.43,0,True,2023-12-09T08:02:18.246+0000
2.177.47.27,138.68.96.43,0,True,2023-12-08T09:36:35.720+0000
2.177.48.89,138.68.96.43,0,True,2023-12-09T08:39:05.571+0000
2.177.49.126,138.68.96.43,0,True,2023-12-09T02:06:25.373+0000
2.177.49.155,138.68.96.43,0,True,2023-12-07T22:00:41.542+0000
2.177.51.11,138.68.96.43,0,True,2023-12-09T07:10:05.831+0000
2.177.51.18,138.68.96.43,0,True,2023-12-09T07:13:30.622+0000
2.177.52.103,138.68.96.43,0,True,2023-12-09T11:39:19.075+0000
2.177.52.200,138.68.96.43,0,True,2023-12-07T11:09:10.083+0000
2.177.53.10,138.68.96.43,0,True,2023-12-07T14:03:20.488+0000
2.177.54.2,138.68.96.43,0,True,2023-12-09T13:45:34.798+0000
2.177.54.94,138.68.96.43,0,True,2023-12-09T06:31:17.892+0000
2.177.54.191,138.68.96.43,0,True,2023-12-08T13:22:43.527+0000
2.177.54.193,138.68.96.43,0,True,2023-12-07T19:39:17.220+0000
2.177.55.4,138.68.96.43,0,True,2023-12-09T06:14:31.297+0000
2.177.55.112,138.68.96.43,0,True,2023-12-07T10:34:40.577+0000
2.177.55.146,138.68.96.43,0,True,2023-12-09T01:51:46.782+0000
2.177.57.86,138.68.96.43,0,True,2023-12-09T11:01:10.439+0000
2.177.57.241,138.68.96.43,0,True,2023-12-07T13:20:34.146+0000
2.177.58.202,138.68.96.43,0,True,2023-12-07T12:16:25.441+0000
2.177.58.219,138.68.96.43,0,True,2023-12-07T12:59:58.693+0000
2.177.58.248,138.68.96.43,0,True,2023-12-08T21:24:38.598+0000
2.177.59.31,138.68.96.43,0,True,2023-12-09T00:33:19.911+0000
2.177.60.207,138.68.96.43,0,True,2023-12-07T17:52:25.541+0000
2.177.60.226,138.68.96.43,0,True,2023-12-09T09:52:23.842+0000
2.177.61.124,138.68.96.43,0,True,2023-12-08T17:48:23.589+0000
2.177.61.142,138.68.96.43,0,True,2023-12-07T12:00:05.479+0000
2.177.61.235,138.68.96.43,0,True,2023-12-08T16:24:02.344+0000
2.177.62.235,138.68.96.43,0,True,2023-12-08T10:31:10.341+0000
2.177.62.254,138.68.96.43,0,True,2023-12-09T10:43:37.766+0000
2.177.63.36,138.68.96.43,0,True,2023-12-07T22:15:23.618+0000
2.177.63.55,138.68.96.43,0,True,2023-12-09T10:42:00.483+0000
2.177.63.94,138.68.96.43,0,True,2023-12-07T20:48:47.205+0000
2.177.65.15,138.68.96.43,0,True,2023-12-08T23:32:38.563+0000
2.177.65.131,138.68.96.43,0,True,2023-12-09T02:08:16.996+0000
2.177.66.150,138.68.96.43,0,True,2023-12-08T14:34:11.016+0000
2.177.67.30,138.68.96.43,0,True,2023-12-07T09:50:29.448+0000
2.177.67.118,138.68.96.43,0,True,2023-12-08T13:38:17.417+0000
2.177.67.134,138.68.96.43,0,True,2023-12-09T07:18:35.778+0000
2.177.67.134,138.68.96.43,0,True,2023-12-09T07:18:35.779+0000
2.177.67.143,138.68.96.43,0,True,2023-12-07T18:13:23.972+0000
2.177.68.230,138.68.96.43,0,True,2023-12-07T09:49:39.265+0000
2.177.69.25,138.68.96.43,0,True,2023-12-08T20:37:42.719+0000
2.177.69.86,138.68.96.43,0,True,2023-12-08T18:01:55.616+0000
2.177.69.243,138.68.96.43,0,True,2023-12-08T20:22:55.914+0000
2.177.70.19,138.68.96.43,0,True,2023-12-08T15:43:27.268+0000
2.177.71.66,138.68.96.43,0,True,2023-12-09T07:51:21.862+0000
2.177.71.222,138.68.96.43,0,True,2023-12-07T23:38:46.945+0000
2.177.72.8,138.68.96.43,0,True,2023-12-07T17:16:24.104+0000
2.177.72.48,138.68.96.43,0,True,2023-12-09T01:07:55.168+0000
2.177.72.202,138.68.96.43,0,True,2023-12-09T01:28:46.434+0000
2.177.72.213,138.68.96.43,0,True,2023-12-08T12:17:12.646+0000
2.177.73.135,138.68.96.43,0,True,2023-12-09T11:59:03.843+0000
2.177.74.165,138.68.96.43,0,True,2023-12-09T10:35:15.102+0000
2.177.76.70,138.68.96.43,0,True,2023-12-08T20:58:10.503+0000
